Category,Title,Description
Bank Account or Service,Online Banking,"Online banking enables account holders to access their accounts, check balances, transfer funds, pay bills, and perform various other transactions through a bank's website or mobile application. It offers convenience and accessibility, allowing users to manage their finances from anywhere with internet access."
Bank Account or Service,Direct Deposit,"Direct deposit is a payment method where funds, such as paychecks, government benefits, or pension payments, are electronically deposited directly into a recipient's bank account. It eliminates the need for physical checks and provides faster access to funds, improving efficiency and security for both employers and recipients."
Bank Account or Service,ATM Services,"Automated Teller Machines (ATMs) provide convenient self-service options for banking transactions, including cash withdrawals, deposits, balance inquiries, and account transfers. ATMs are available at various locations, offering round-the-clock access to funds and basic banking services, even outside of regular banking hours."
Bank Account or Service,Overdraft Protection,"Overdraft protection is a service offered by banks to prevent transactions that would overdraw an account, or to provide a line of credit to cover overdrafts. It helps account holders avoid costly overdraft fees and declined transactions, providing peace of mind and financial stability."
Bank Account or Service,Wire Transfers,"Wire transfers allow individuals and businesses to send or receive funds electronically between bank accounts domestically or internationally. They are commonly used for large transactions that require immediate settlement, such as real estate purchases, business payments, or international remittances."
Credit Cards and Prepaid Cards,Rewards Credit Card,"Rewards credit cards offer incentives such as cashback, points, or airline miles for purchases made with the card. Cardholders can earn rewards based on their spending habits and redeem them for travel, merchandise, statement credits, or other perks."
Credit Cards and Prepaid Cards,Secured Credit Card,"Secured credit cards require a security deposit, which serves as collateral, and are designed for individuals with limited or damaged credit histories. They help users establish or rebuild credit by demonstrating responsible borrowing behavior and can eventually qualify for unsecured credit cards."
Credit Cards and Prepaid Cards,Prepaid Debit Card,"Prepaid debit cards allow users to load funds onto the card and use it for purchases, similar to a debit card, but without being linked to a bank account. They are convenient for budgeting, travel, and online shopping, offering spending control and security without the risk of overdraft fees."
Credit Cards and Prepaid Cards,Travel Credit Card,"Travel credit cards cater to frequent travelers and offer benefits such as travel insurance, airport lounge access, no foreign transaction fees, and bonus rewards for travel-related expenses. They provide valuable perks and rewards for individuals who frequently fly, stay in hotels, or dine out while traveling."
Credit Cards and Prepaid Cards,Student Credit Card,"Student credit cards are tailored for college students with limited credit history and typically offer low credit limits, educational resources, and rewards or benefits geared towards students' needs and lifestyles. They help students build credit responsibly while managing their finances independently."
Money Transfers and Financial Services,World Bank,"The World Bank provides extensive information and data on remittances, which are funds transferred by migrants to their home countries. This knowledge base covers the economic impact of remittances, policies to improve the efficiency and reduce the cost of money transfers, and strategies to enhance financial inclusion. The resources include reports, research papers, and policy recommendations aimed at leveraging remittances for development."
Money Transfers and Financial Services,SWIFT,"SWIFT (Society for Worldwide Interbank Financial Telecommunication) offers a vast Knowledge Center focused on secure financial messaging services used by financial institutions worldwide. It covers topics such as cross-border payments, compliance and regulatory issues, cybersecurity in financial transactions, and innovations in financial technology. The Knowledge Center includes articles, whitepapers, case studies, and webinars to help professionals stay informed about the latest developments in the industry."
Money Transfers and Financial Services,Insurance Services,"Insurance services encompass various types of insurance coverage, including life insurance, health insurance, auto insurance, home insurance, and disability insurance. Insurance protects individuals and businesses against financial losses from unexpected events, such as accidents, illnesses, natural disasters, or death, providing financial security and peace of mind."
Money Transfers and Financial Services,Financial Planning Services,"Financial planning services provide professional assistance with budgeting, investing, retirement planning, tax planning, estate planning, and other aspects of personal finance. Certified financial planners (CFPs) help individuals and families set financial goals, create customized financial plans, and make informed decisions to achieve financial success and security."
Money Transfers and Financial Services,Estate Planning Services,"Estate planning services involve creating wills, trusts, powers of attorney, healthcare directives, and other legal documents to manage and distribute assets after death. Estate planning ensures that individuals' wishes are followed, minimizes estate taxes, avoids probate, and provides for the financial well-being of heirs and beneficiaries. It involves careful consideration of family dynamics, asset protection, and charitable giving strategies."
Credit Reporting and Debt Collection,Unauthorized Transactions,Reporting any unauthorized transactions on bank accounts or credit cards promptly to the financial institution to prevent further unauthorized access and initiate investigation and resolution processes.
Credit Reporting and Debt Collection,Identity Theft,"Reporting instances of identity theft, where personal information has been stolen and used to open fraudulent accounts, obtain loans, or make unauthorized purchases, to law enforcement agencies, credit bureaus, and financial institutions to mitigate damages and restore affected individuals' credit and financial integrity."
Credit Reporting and Debt Collection,Fraudulent Charges,"Reporting suspicious or fraudulent charges on credit or debit card statements to the issuing bank or card issuer to dispute the charges, block the card if necessary, and investigate the unauthorized activity to prevent financial losses and identity theft."
Credit Reporting and Debt Collection,Disputed Transactions,"Reporting discrepancies or errors in transactions, such as incorrect amounts charged, goods/services not received, or unauthorized charges, to the merchant or financial institution involved to rectify the errors, obtain refunds or credits, and protect consumers' rights and interests."
Credit Reporting and Debt Collection,Lost or Stolen Cards,"Reporting lost or stolen credit, debit, or prepaid cards immediately to the card issuer or financial institution to deactivate the card, prevent unauthorized use, and request a replacement card to minimize financial liability and prevent fraudulent transactions."
Loans,Home Mortgage,"A home mortgage is a loan used to purchase a home or real estate property, with the property serving as collateral for the loan. It typically involves a down payment, principal amount, interest rate, and repayment period, such as 15, 20, or 30 years, and may offer fixed or adjustable interest rates."
Loans,Auto Loan,"An auto loan is a loan used to finance the purchase of a vehicle, such as a car, truck, or motorcycle, with the vehicle serving as collateral for the loan. It involves borrowing a specific amount of money from a lender, agreeing to repay it over a specified period, and paying interest on the outstanding balance until the loan is fully repaid."
Loans,Personal Loan,"A personal loan is an unsecured loan that can be used for various purposes, such as debt consolidation, home improvements, medical expenses, or major purchases. It does not require collateral and is typically based on the borrower's creditworthiness, income, and financial history, offering fixed or variable interest rates and flexible repayment terms."
Loans,Student Loan,"A student loan is a loan specifically designed to finance education expenses, such as tuition, fees, books, and living expenses, for students attending college or university. It may be offered by the government (federal student loans) or private lenders and can be subsidized or unsubsidized, with varying interest rates, repayment options, and eligibility criteria."
Loans,Business Loan,"A business loan is a loan used to start or expand a business, cover operating expenses, purchase equipment or inventory, or finance growth opportunities. It may be secured or unsecured, depending on the borrower's creditworthiness and the lender's risk assessment, and can be structured as term loans, lines of credit, equipment financing, or Small Business Administration (SBA) loans. Business loans typically require a detailed business plan, financial statements, and collateral (if applicable) to support the loan application and repayment."



